fName,lName,username,password,address,PNumber
Alex,Garcia,agarcia,staff123,1201 Westheimer Rd,7135552001
Maria,Lopez,mlopez,secure456,2200 Richmond Ave,7135552002
James,Clark,jclark,worker789,3100 Bellaire Blvd,7135552003
Sofia,Hernandez,shernandez,pass321,1450 Main St,7135552004
Daniel,Young,dyoung,staff999,5000 Kirby Dr,7135552005
Isabella,King,iking,hello123,6700 Memorial Dr,7135552006
Ethan,Wright,ewright,qwerty456,8900 Westpark Dr,7135552007
Olivia,Scott,oscott,password1,4100 Montrose Blvd,7135552008
Noah,Green,ngreen,letmein789,2300 Post Oak Blvd,7135552009
Ava,Baker,abaker,staffpass,1500 Shepherd Dr,7135552010